pair_type,avg_correlation
random_100_pairs,0.1523302246135563
top_100_pairs,0.7885412882021484
